model,RMSE,R2
LinearRegression,6739595.675468732,-9.925567179586226
GBTRegressor,2291799.2584581613,-0.2633667858445097
