model,RMSE,R2
SparkXGBRegressor,6257714.862774928,-3.534175556723503
GBTRegressor,5315851.869415744,-2.271994248923258
